-- COMPANY

INSERT INTO COMPANY (NAME) VALUES ('PNS');
INSERT INTO COMPANY (NAME) VALUES ('인티큐브');



-- GRADE

INSERT INTO GRADE (NAME) VALUES ('선임');
INSERT INTO GRADE (NAME) VALUES ('책임');
INSERT INTO GRADE (NAME) VALUES ('수석');



-- ROLE

INSERT INTO ROLE (CODE, NAME) VALUES ('W-00001', '인사기획/노무');
INSERT INTO ROLE (CODE, NAME) VALUES ('W-00002', '노사/인사운영');
INSERT INTO ROLE (CODE, NAME) VALUES ('W-00003', '급여/복리후생');
INSERT INTO ROLE (CODE, NAME) VALUES ('W-00004', '총무');
INSERT INTO ROLE (CODE, NAME) VALUES ('W-00005', '인사');
INSERT INTO ROLE (CODE, NAME) VALUES ('W-00006', '교육');
INSERT INTO ROLE (CODE, NAME) VALUES ('W-00007', '내자구매(용역/투자/자산)');
INSERT INTO ROLE (CODE, NAME) VALUES ('W-00008', '내자구매(구매지원)');
INSERT INTO ROLE (CODE, NAME) VALUES ('W-00009', '내자구매(상품)');
INSERT INTO ROLE (CODE, NAME) VALUES ('W-00010', '외자구매');
INSERT INTO ROLE (CODE, NAME) VALUES ('W-00011', '구매(투자/자산)');
INSERT INTO ROLE (CODE, NAME) VALUES ('W-00012', '자금');
INSERT INTO ROLE (CODE, NAME) VALUES ('W-00013', '공시/IR');
INSERT INTO ROLE (CODE, NAME) VALUES ('W-00014', '재무/관리');
INSERT INTO ROLE (CODE, NAME) VALUES ('W-00015', 'RiskManagement');



-- MEMBER

INSERT INTO MEMBER (ID, NAME, GRADE_ID, PHONE) VALUES (1, '손흥민', 1, '08-0111-0002');
INSERT INTO MEMBER (ID, NAME, GRADE_ID, PHONE) VALUES (2, '해리케인', 3, '08-0111-0003');
INSERT INTO MEMBER (ID, NAME, GRADE_ID, PHONE) VALUES (3, '쿨루셉스키', 1, '08-0111-0004');
INSERT INTO MEMBER (ID, NAME, GRADE_ID, PHONE) VALUES (4, '벤탕쿠르', 1, '08-0111-0005');
INSERT INTO MEMBER (ID, NAME, GRADE_ID, PHONE) VALUES (5, '로메로', 3, '08-0111-0006');
INSERT INTO MEMBER (ID, NAME, GRADE_ID, PHONE) VALUES (6, '이메르송', 2, '08-0111-0007');
INSERT INTO MEMBER (ID, NAME, GRADE_ID, PHONE) VALUES (7, '베르베인', 3, '08-0111-0008');
INSERT INTO MEMBER (ID, NAME, GRADE_ID, PHONE) VALUES (8, '요리스', 1, '08-0111-0009');
INSERT INTO MEMBER (ID, NAME, GRADE_ID, PHONE) VALUES (9, '모우라', 3, '08-0111-0010');
INSERT INTO MEMBER (ID, NAME, GRADE_ID, PHONE) VALUES (10, '레길론', 2, '08-0111-0011');
INSERT INTO MEMBER (ID, NAME, GRADE_ID, PHONE) VALUES (11, '도허티', 1, '08-0111-0012');
INSERT INTO MEMBER (ID, NAME, GRADE_ID, PHONE) VALUES (12, '세세뇽', 3, '08-0111-0013');
INSERT INTO MEMBER (ID, NAME, GRADE_ID, PHONE) VALUES (13, '호이비에르', 2, '08-0111-0014');
INSERT INTO MEMBER (ID, NAME, GRADE_ID, PHONE) VALUES (14, '다이어', 1, '08-0111-0015');
INSERT INTO MEMBER (ID, NAME, GRADE_ID, PHONE) VALUES (15, '윙크스', 3, '08-0111-0016');
INSERT INTO MEMBER (ID, NAME, GRADE_ID, PHONE) VALUES (16, '골리니', 2, '08-0111-0017');
INSERT INTO MEMBER (ID, NAME, GRADE_ID, PHONE) VALUES (17, '스킵', 1, '08-0111-0018');
INSERT INTO MEMBER (ID, NAME, GRADE_ID, PHONE) VALUES (18, '산체스', 3, '08-0111-0019');
INSERT INTO MEMBER (ID, NAME, GRADE_ID, PHONE) VALUES (19, '탕당가', 2, '08-0111-0020');
INSERT INTO MEMBER (ID, NAME, GRADE_ID, PHONE) VALUES (20, '로든', 1, '08-0111-0021');
INSERT INTO MEMBER (ID, NAME, GRADE_ID, PHONE) VALUES (21, '스칼렛', 3, '08-0111-0022');
INSERT INTO MEMBER (ID, NAME, GRADE_ID, PHONE) VALUES (22, '화이트', 2, '08-0111-0023');



-- RNR

INSERT INTO RNR (ROLE_CODE, MEMBER_ID, TASK) VALUES ('W-00001', 1, '소모품/자산');
INSERT INTO RNR (ROLE_CODE, MEMBER_ID, TASK) VALUES ('W-00002', 2, '인사제도/평가관리/승격관리');
INSERT INTO RNR (ROLE_CODE, MEMBER_ID, TASK) VALUES ('W-00003', 3, '채용');
INSERT INTO RNR (ROLE_CODE, MEMBER_ID, TASK) VALUES ('W-00004', 4, '시설관리/문서관리/행사관리/자산관리/기타');
INSERT INTO RNR (ROLE_CODE, MEMBER_ID, TASK) VALUES ('W-00004', 5, '시설관리/차량관리/인쇄물관리');
INSERT INTO RNR (ROLE_CODE, MEMBER_ID, TASK) VALUES ('W-00005', 6, NULL);
INSERT INTO RNR (ROLE_CODE, MEMBER_ID, TASK) VALUES ('W-00006', 7, '인재육성/MBA/그룹교육');
INSERT INTO RNR (ROLE_CODE, MEMBER_ID, TASK) VALUES ('W-00006', 8, '교육제도 기획/자기역량개발/채용\r\n');
INSERT INTO RNR (ROLE_CODE, MEMBER_ID, TASK) VALUES ('W-00007', 9, '내자용역/협력업체/하도급');
INSERT INTO RNR (ROLE_CODE, MEMBER_ID, TASK) VALUES ('W-00008', 10, '내자용역/협력업체');
INSERT INTO RNR (ROLE_CODE, MEMBER_ID, TASK) VALUES ('W-00009', 11, '내자용역(모바일/운영관리)');
INSERT INTO RNR (ROLE_CODE, MEMBER_ID, TASK) VALUES ('W-00010', 12, '창고재고/원가/안전재고/대관');
INSERT INTO RNR (ROLE_CODE, MEMBER_ID, TASK) VALUES ('W-00011', 13, '용역(프로젝트)/하도급/구매발주/입고');
INSERT INTO RNR (ROLE_CODE, MEMBER_ID, TASK) VALUES ('W-00012', 14, NULL);
INSERT INTO RNR (ROLE_CODE, MEMBER_ID, TASK) VALUES ('W-00012', 15, NULL);
INSERT INTO RNR (ROLE_CODE, MEMBER_ID, TASK) VALUES ('W-00013', 16, NULL);
INSERT INTO RNR (ROLE_CODE, MEMBER_ID, TASK) VALUES ('W-00014', 17, '전표결재/세무/결산감사/계획');
INSERT INTO RNR (ROLE_CODE, MEMBER_ID, TASK) VALUES ('W-00014', 18, '전표결재/세무/결산감사/계획');
INSERT INTO RNR (ROLE_CODE, MEMBER_ID, TASK) VALUES ('W-00014', 19, '전표결재/세무/결산감사/계획');
INSERT INTO RNR (ROLE_CODE, MEMBER_ID, TASK) VALUES ('W-00014', 20, '전표결재/세무/결산감사/계획');
INSERT INTO RNR (ROLE_CODE, MEMBER_ID, TASK) VALUES ('W-00015', 21, '리스크관리/감사/법무');
INSERT INTO RNR (ROLE_CODE, MEMBER_ID, TASK) VALUES ('W-00015', 22, '리스크관리/감사/법무');



-- COMPANY_RNR

INSERT INTO COMPANY_RNR (RNR_ID, COMPANY_ID) VALUES (1, 1);
INSERT INTO COMPANY_RNR (RNR_ID, COMPANY_ID) VALUES (1, 2);
INSERT INTO COMPANY_RNR (RNR_ID, COMPANY_ID) VALUES (2, 1);
INSERT INTO COMPANY_RNR (RNR_ID, COMPANY_ID) VALUES (2, 2);
INSERT INTO COMPANY_RNR (RNR_ID, COMPANY_ID) VALUES (3, 1);
INSERT INTO COMPANY_RNR (RNR_ID, COMPANY_ID) VALUES (3, 2);
INSERT INTO COMPANY_RNR (RNR_ID, COMPANY_ID) VALUES (4, 1);
INSERT INTO COMPANY_RNR (RNR_ID, COMPANY_ID) VALUES (4, 2);
INSERT INTO COMPANY_RNR (RNR_ID, COMPANY_ID) VALUES (5, 1);
INSERT INTO COMPANY_RNR (RNR_ID, COMPANY_ID) VALUES (5, 2);
INSERT INTO COMPANY_RNR (RNR_ID, COMPANY_ID) VALUES (6, 1);
INSERT INTO COMPANY_RNR (RNR_ID, COMPANY_ID) VALUES (6, 2);
INSERT INTO COMPANY_RNR (RNR_ID, COMPANY_ID) VALUES (7, 1);
INSERT INTO COMPANY_RNR (RNR_ID, COMPANY_ID) VALUES (7, 2);
INSERT INTO COMPANY_RNR (RNR_ID, COMPANY_ID) VALUES (8, 1);
INSERT INTO COMPANY_RNR (RNR_ID, COMPANY_ID) VALUES (8, 2);
INSERT INTO COMPANY_RNR (RNR_ID, COMPANY_ID) VALUES (9, 1);
INSERT INTO COMPANY_RNR (RNR_ID, COMPANY_ID) VALUES (9, 2);
INSERT INTO COMPANY_RNR (RNR_ID, COMPANY_ID) VALUES (10, 1);
INSERT INTO COMPANY_RNR (RNR_ID, COMPANY_ID) VALUES (10, 2);
INSERT INTO COMPANY_RNR (RNR_ID, COMPANY_ID) VALUES (11, 1);
INSERT INTO COMPANY_RNR (RNR_ID, COMPANY_ID) VALUES (11, 2);
INSERT INTO COMPANY_RNR (RNR_ID, COMPANY_ID) VALUES (12, 1);
INSERT INTO COMPANY_RNR (RNR_ID, COMPANY_ID) VALUES (12, 2);
INSERT INTO COMPANY_RNR (RNR_ID, COMPANY_ID) VALUES (13, 1);
INSERT INTO COMPANY_RNR (RNR_ID, COMPANY_ID) VALUES (14, 1);
INSERT INTO COMPANY_RNR (RNR_ID, COMPANY_ID) VALUES (14, 2);
INSERT INTO COMPANY_RNR (RNR_ID, COMPANY_ID) VALUES (15, 1);
INSERT INTO COMPANY_RNR (RNR_ID, COMPANY_ID) VALUES (15, 2);
INSERT INTO COMPANY_RNR (RNR_ID, COMPANY_ID) VALUES (16, 2);
INSERT INTO COMPANY_RNR (RNR_ID, COMPANY_ID) VALUES (17, 1);
INSERT INTO COMPANY_RNR (RNR_ID, COMPANY_ID) VALUES (18, 2);
INSERT INTO COMPANY_RNR (RNR_ID, COMPANY_ID) VALUES (19, 1);
INSERT INTO COMPANY_RNR (RNR_ID, COMPANY_ID) VALUES (20, 2);
INSERT INTO COMPANY_RNR (RNR_ID, COMPANY_ID) VALUES (21, 1);
INSERT INTO COMPANY_RNR (RNR_ID, COMPANY_ID) VALUES (22, 2);